[
    {"title": "所有应用程序", "describe": "您mac上安装的所有应用程序均显示在下方"},
    {"title": "未使用", "describe": "您mac上安装从未使用过的应用程序"},
    {"title": "残留项", "describe": "如果您手动移除一个应用程序文件，其所有相关项目仍留在系统内。通过我们，您可以查找并移除这些残留项，即使主应用已经丢失"},
    {"title": "已选中", "describe": "在下面查看您要卸载或部分移除的应用"},
    {"title": "商店", "describe": ""},
    {"title": "App Store", "describe": "该组包含从 Mac App Store安装的应用程序"},
    {"title": "其他", "describe": "该组包含来自 Mac App Store、Setapp 和 Steam 以外来源的应用程序。"},
    {"title": "App Store", "describe": ""},
    {"title": "Mac应用", "describe": "该组包含由Mac App Store开发的应用。"},
    {"title": "iPhone和ipad应用", "describe": "该组包含由iPhone和ipad开发的应用。"},
    {"title": "供应商", "describe": ""},
    {"title": "Apple", "describe": "该组包含由Apple开发的应用。"},
    {"title": "Microsoft", "describe": "该组包含由Microsoft开发的应用。"},
    {"title": "Google", "describe": "该组包含由Google开发的应用。"},
    {"title": "其他", "describe": "没有按照供应商分别列出的应用如下所示。"}
]
